<?xml version="1.0" encoding="UTF-8" ?>
<odoo>
    <record id="associated_users_record_rule" model="ir.rule">
        <field name="name">Associated Users Record Rule</field>
        <field name="model_id" ref="model_email_record"/>
        <field name="domain_force">[('associated_users','in', user.id)]</field>
        <field name="perm_read" eval="True"/>
        <field name="perm_create" eval="False"/>
        <field name="perm_write" eval="False"/>
        <field name="perm_unlink" eval="False"/>
    </record>

    <record id="incoming_mail_server_record_rule_admin" model="ir.rule">
        <field name="name">Admin fetch mail server record rule</field>
        <field name="model_id" ref="fetchmail.model_fetchmail_server"/>
        <field name="domain_force">[]</field>
        <field name="groups" eval="[(4, ref('base.group_system'))]"/>
        <field name="perm_read" eval="True"/>
        <field name="perm_create" eval="True"/>
        <field name="perm_write" eval="True"/>
        <field name="perm_unlink" eval="True"/>
    </record>

    <record id="incoming_mail_server_record_rule_user" model="ir.rule">
        <field name="name">Non admin fetch mail server record rule</field>
        <field name="model_id" ref="fetchmail.model_fetchmail_server"/>
        <field name="domain_force">['|',('create_uid','=', user.id),('user','=', user.login)]</field>
        <field name="groups" eval="[(4, ref('base.group_user'))]"/>
        <field name="perm_read" eval="True"/>
        <field name="perm_create" eval="False"/>
        <field name="perm_write" eval="False"/>
        <field name="perm_unlink" eval="False"/>
    </record>
</odoo>